{"cameraMode":{"drawMode":0,"name":"Shaded","section":"Shading Mode"},"sceneLighting":false,"audioPlay":false,"sceneViewState":{"m_AlwaysRefresh":false,"showFog":false,"showSkybox":false,"showFlares":false,"showImageEffects":false,"showParticleSystems":false,"showVisualEffectGraphs":true,"m_FxEnabled":true},"in2DMode":false,"pivot":{"x":-0.15680858492851258,"y":1.1873621940612794,"z":0.6212059259414673},"rotation":{"x":-0.007364717312157154,"y":0.9875226020812988,"z":-0.14956189692020417,"w":-0.048625025898218158},"size":0.3837040066719055,"orthographic":false}