{"cameraMode":{"drawMode":0,"name":"Shaded","section":"Shading Mode"},"sceneLighting":false,"audioPlay":false,"sceneViewState":{"m_AlwaysRefresh":false,"showFog":true,"showSkybox":false,"showFlares":true,"showImageEffects":true,"showParticleSystems":true,"showVisualEffectGraphs":true,"m_FxEnabled":true},"in2DMode":false,"pivot":{"x":-2.9802322387695315e-8,"y":0.432888001203537,"z":-0.03489208593964577},"rotation":{"x":0.3462905287742615,"y":-0.05735461413860321,"z":0.021208608523011209,"w":0.9361211061477661},"size":0.5572853088378906,"orthographic":false}