{"cameraMode":{"drawMode":0,"name":"Shaded","section":"Shading Mode"},"sceneLighting":false,"audioPlay":false,"sceneViewState":{"m_AlwaysRefresh":false,"showFog":false,"showSkybox":false,"showFlares":false,"showImageEffects":false,"showParticleSystems":false,"showVisualEffectGraphs":true,"m_FxEnabled":true},"in2DMode":false,"pivot":{"x":-3.5762786865234377e-7,"y":0.6886523962020874,"z":0.06500950455665589},"rotation":{"x":-0.19901439547538758,"y":-0.09479797631502152,"z":0.01935083232820034,"w":-0.975208044052124},"size":1.1264933347702027,"orthographic":false}