{"cameraMode":{"drawMode":0,"name":"Shaded","section":"Shading Mode"},"sceneLighting":false,"audioPlay":false,"sceneViewState":{"m_AlwaysRefresh":false,"showFog":false,"showSkybox":false,"showFlares":false,"showImageEffects":false,"showParticleSystems":false,"showVisualEffectGraphs":true,"m_FxEnabled":true},"in2DMode":false,"pivot":{"x":0.1971074342727661,"y":0.7852122783660889,"z":-0.28530651330947878},"rotation":{"x":-0.00012034673272864893,"y":0.9949159026145935,"z":-0.10063812881708145,"w":-0.0011931885965168477},"size":1.0343538522720338,"orthographic":false}