{"cameraMode":{"drawMode":0,"name":"Shaded","section":"Shading Mode"},"sceneLighting":false,"audioPlay":false,"sceneViewState":{"m_AlwaysRefresh":false,"showFog":true,"showSkybox":false,"showFlares":true,"showImageEffects":true,"showParticleSystems":true,"showVisualEffectGraphs":true,"m_FxEnabled":true},"in2DMode":false,"pivot":{"x":-0.0054171085357666019,"y":0.47368520498275759,"z":-1.6623517274856568},"rotation":{"x":0.00009948795923264697,"y":0.9985164403915405,"z":-0.0542818121612072,"w":0.001798371085897088},"size":0.7809123396873474,"orthographic":false}