{"cameraMode":{"drawMode":0,"name":"Shaded","section":"Shading Mode"},"sceneLighting":false,"audioPlay":false,"sceneViewState":{"m_AlwaysRefresh":false,"showFog":true,"showSkybox":false,"showFlares":true,"showImageEffects":true,"showParticleSystems":true,"showVisualEffectGraphs":true,"m_FxEnabled":true},"in2DMode":false,"pivot":{"x":0.13170886039733888,"y":1.3141276836395264,"z":10.363454818725586},"rotation":{"x":0.052807677537202838,"y":-0.7920432090759277,"z":0.06938236951828003,"w":0.6041279435157776},"size":8.301129341125489,"orthographic":false}