{"cameraMode":{"drawMode":0,"name":"Shaded","section":"Shading Mode"},"sceneLighting":false,"audioPlay":false,"sceneViewState":{"m_AlwaysRefresh":false,"showFog":true,"showSkybox":false,"showFlares":true,"showImageEffects":true,"showParticleSystems":true,"showVisualEffectGraphs":true,"m_FxEnabled":true},"in2DMode":false,"pivot":{"x":-0.01948808692395687,"y":-0.29670095443725588,"z":-3.188103199005127},"rotation":{"x":-0.001464681001380086,"y":0.9937012791633606,"z":-0.1110672801733017,"w":-0.013118241913616658},"size":2.357285261154175,"orthographic":false}