{"cameraMode":{"drawMode":0,"name":"Shaded","section":"Shading Mode"},"sceneLighting":false,"audioPlay":false,"sceneViewState":{"m_AlwaysRefresh":false,"showFog":false,"showSkybox":false,"showFlares":false,"showImageEffects":false,"showParticleSystems":false,"showVisualEffectGraphs":true,"m_FxEnabled":true},"in2DMode":false,"pivot":{"x":-0.1663098931312561,"y":0.526957094669342,"z":-0.5871967077255249},"rotation":{"x":-0.005729056894779205,"y":0.9774147868156433,"z":-0.026699086651206018,"w":-0.2095552682876587},"size":0.5425392985343933,"orthographic":false}