{"cameraMode":{"drawMode":0,"name":"Shaded","section":"Shading Mode"},"sceneLighting":false,"audioPlay":false,"sceneViewState":{"m_AlwaysRefresh":false,"showFog":true,"showSkybox":false,"showFlares":true,"showImageEffects":true,"showParticleSystems":true,"showVisualEffectGraphs":true,"m_FxEnabled":true},"in2DMode":false,"pivot":{"x":0.39686697721481326,"y":0.34085386991500857,"z":-1.865384817123413},"rotation":{"x":-0.006979954428970814,"y":-0.9926139116287231,"z":0.07040390372276306,"w":-0.09829782694578171},"size":1.1865973472595215,"orthographic":false}